{
  "__version__": "1.0.3",
  "builder": {},
  "gizmos-infos": {
    "is2D": true,
    "is3DIcon": false,
    "iconSize": 2,
    "gridVisible": true,
    "originAxis2D": {
      "x_visible": true,
      "y_visible": true,
      "z_visible": false
    },
    "originAxis3D": {
      "x_visible": true,
      "y_visible": false,
      "z_visible": true
    },
    "gridColor": [
      166,
      166,
      166,
      255
    ],
    "transformToolName": "position",
    "pivot": "pivot",
    "coordinate": "local",
    "toolsVisibility3d": true
  },
  "snap-configs": {
    "position": {
      "x": 1,
      "y": 1,
      "z": 1
    },
    "rotation": 1,
    "scale": 1,
    "isPositionSnapEnabled": false,
    "isRotationSnapEnabled": false,
    "isScaleSnapEnabled": false
  },
  "rect-snap-configs": {
    "enableSnapping": true,
    "snapThreshold": 4
  },
  "camera-infos": {
    "099478de-41bd-4520-b354-94fbcba8b4b6": {
      "position": {
        "x": 15.667962224747926,
        "y": 15.667962224747919,
        "z": 15.667962224747917
      },
      "rotation": {
        "x": -0.22641038480503328,
        "y": 0.41581148109006044,
        "z": 0.10769050053206358,
        "w": 0.8742093032799835
      },
      "viewCenter": {
        "x": -2.7381339683859647,
        "y": 2.494830338278538,
        "z": 0.6966783766886806
      },
      "contentRect": {
        "x": 0,
        "y": 0,
        "width": 1420,
        "height": 1096
      },
      "scale": 1
    },
    "c0386441-2e39-4485-952c-f9cb9e876b9a": {
      "position": {
        "x": 480.00000000000006,
        "y": 320,
        "z": 5000
      },
      "rotation": {
        "x": 0,
        "y": 0,
        "z": 0,
        "w": 1
      },
      "viewCenter": {
        "x": 0,
        "y": 0,
        "z": 0
      },
      "contentRect": {
        "x": 0,
        "y": 0,
        "width": 994,
        "height": 662.6666666666666
      },
      "scale": 1.0354166666666667
    },
    "a52a89c9-bc0e-4637-b006-2d2d875cb694": {
      "position": {
        "x": 0,
        "y": 0,
        "z": 5000
      },
      "rotation": {
        "x": 0,
        "y": 0,
        "z": 0,
        "w": 1
      },
      "viewCenter": {
        "x": 0,
        "y": 0,
        "z": 0
      },
      "contentRect": {
        "x": -398,
        "y": -548,
        "width": 796,
        "height": 1096
      },
      "scale": 1
    },
    "335dcec7-add9-4757-b6cc-eb94a326c170": {
      "position": {
        "x": 432.8,
        "y": 288.53333333333336,
        "z": 5000
      },
      "rotation": {
        "x": 0,
        "y": 0,
        "z": 0,
        "w": 1
      },
      "viewCenter": {
        "x": 0,
        "y": 0,
        "z": 0
      },
      "contentRect": {
        "x": -1221.5,
        "y": -657,
        "width": 2443,
        "height": 1314
      },
      "scale": 1
    },
    "130fc4fd-ac47-4b2b-a06a-8685822f8439": {
      "position": {
        "x": 52.87553711994442,
        "y": 52.8755371199444,
        "z": 52.8755371199444
      },
      "rotation": {
        "x": -0.27984814233312133,
        "y": 0.3647051996310009,
        "z": 0.11591689595929512,
        "w": 0.8804762392171493
      },
      "viewCenter": {
        "x": 0,
        "y": 0,
        "z": 0
      },
      "contentRect": {
        "x": 0,
        "y": 0,
        "width": 1379.6999999999998,
        "height": 919.8
      },
      "scale": 1.4371874999999998
    },
    "c7ab9736-f219-419f-9172-9ecc23c3e405": {
      "position": {
        "x": 480,
        "y": 320,
        "z": 5000
      },
      "rotation": {
        "x": 0,
        "y": 0,
        "z": 0,
        "w": 1
      },
      "viewCenter": {
        "x": 471.26029680645536,
        "y": 306.718931350711,
        "z": 22.020771842833682
      },
      "contentRect": {
        "x": 0,
        "y": 0,
        "width": 1379.6999999999998,
        "height": 919.8
      },
      "scale": 1.4371874999999998
    },
    "4e1c15c3-9e30-4f32-be20-29afb6c0ac3e": {
      "position": {
        "x": 479.99999999999994,
        "y": 320,
        "z": 5000
      },
      "rotation": {
        "x": 0,
        "y": 0,
        "z": 0,
        "w": 1
      },
      "viewCenter": {
        "x": 471.26029680645536,
        "y": 306.718931350711,
        "z": 22.020771842833682
      },
      "contentRect": {
        "x": 465,
        "y": 305,
        "width": 919.8,
        "height": 919.8
      },
      "scale": 30.66
    },
    "bfb94b91-bf3b-4cce-84c2-57f71523c96f": {
      "position": {
        "x": 479.99999999999994,
        "y": 319.99999999999994,
        "z": 5000
      },
      "rotation": {
        "x": 0,
        "y": 0,
        "z": 0,
        "w": 1
      },
      "viewCenter": {
        "x": 471.26029680645536,
        "y": 306.718931350711,
        "z": 22.020771842833682
      },
      "contentRect": {
        "x": 477.5,
        "y": 310,
        "width": 229.95,
        "height": 919.8
      },
      "scale": 45.989999999999995
    },
    "58f8e17d-e23d-439d-8aea-d766a9c88be0": {
      "position": {
        "x": 479.99999999999994,
        "y": 320,
        "z": 5000
      },
      "rotation": {
        "x": 0,
        "y": 0,
        "z": 0,
        "w": 1
      },
      "viewCenter": {
        "x": 471.26029680645536,
        "y": 306.718931350711,
        "z": 22.020771842833682
      },
      "contentRect": {
        "x": 0,
        "y": 0,
        "width": 2833,
        "height": 1314
      },
      "scale": 1.4371874999999998
    },
    "7ec887bc-b20e-429d-8e28-08067520a25c": {
      "position": {
        "x": 480,
        "y": 120,
        "z": 5000
      },
      "rotation": {
        "x": 0,
        "y": 0,
        "z": 0,
        "w": 1
      },
      "viewCenter": {
        "x": 471.26029680645536,
        "y": 306.718931350711,
        "z": 22.020771842833682
      },
      "contentRect": {
        "x": 420,
        "y": 110,
        "width": 1710.1,
        "height": 285.01666666666665
      },
      "scale": 14.250833333333333
    },
    "55e1ab56-d880-4407-a9d5-795c509dcee3": {
      "position": {
        "x": 479.99999999999994,
        "y": 320,
        "z": 5000
      },
      "rotation": {
        "x": 0,
        "y": 0,
        "z": 0,
        "w": 1
      },
      "viewCenter": {
        "x": 471.26029680645536,
        "y": 306.718931350711,
        "z": 22.020771842833682
      },
      "contentRect": {
        "x": 465,
        "y": 305,
        "width": 919.8,
        "height": 919.8
      },
      "scale": 30.66
    },
    "ab9bb157-f6c1-42c5-a7d8-fff80832f0c6": {
      "position": {
        "x": 479.99999999999994,
        "y": 320,
        "z": 5000
      },
      "rotation": {
        "x": 0,
        "y": 0,
        "z": 0,
        "w": 1
      },
      "viewCenter": {
        "x": 0,
        "y": 0,
        "z": 0
      },
      "contentRect": {
        "x": 430,
        "y": 270,
        "width": 767.2,
        "height": 767.2
      },
      "scale": 7.672000000000001
    },
    "71e1758f-1876-43b5-935d-bc2e35d0d6e1": {
      "position": {
        "x": 476.1406437139924,
        "y": 378.9648979379342,
        "z": 5000
      },
      "rotation": {
        "x": 0,
        "y": 0,
        "z": 0,
        "w": 1
      },
      "viewCenter": {
        "x": 0,
        "y": 0,
        "z": 0
      },
      "contentRect": {
        "x": -857.7861413085709,
        "y": -703.9860327174209,
        "width": 1350,
        "height": 1090
      },
      "scale": 0.5060247740572826
    }
  },